request_id,scenario,workload_phase_label,request_start_ts,request_end_ts,request_latency_ms,success,http_status,error,prompt_tokens_estimate,requested_max_tokens,output_tokens_estimate,total_tokens_estimate
0,long_output,vllm_long_output,1781650637.3268018,1781650668.1838896,30857.08785057068,1,200,,198,512,389,587
1,long_output,vllm_long_output,1781650637.3294604,1781650668.18439,30854.92968559265,1,200,,198,512,409,607
3,long_output,vllm_long_output,1781650637.3326664,1781650668.2414627,30908.796310424805,1,200,,198,512,389,587
2,long_output,vllm_long_output,1781650637.3311608,1781650668.2416687,30910.507917404175,1,200,,198,512,390,588
