request_id,scenario,workload_phase_label,request_start_ts,request_end_ts,request_latency_ms,success,http_status,error,prompt_tokens_estimate,requested_max_tokens,output_tokens_estimate,total_tokens_estimate
2,long_output,vllm_long_output,1782159000.2786663,1782159031.5569649,31278.2986164093,1,200,,198,512,394,592
1,long_output,vllm_long_output,1782159000.2766905,1782159031.557875,31281.184434890747,1,200,,198,512,406,604
0,long_output,vllm_long_output,1782159000.2715936,1782159031.5584445,31286.850929260254,1,200,,198,512,403,601
3,long_output,vllm_long_output,1782159000.28145,1782159031.6117666,31330.3165435791,1,200,,198,512,416,614
