request_id,scenario,workload_phase_label,request_start_ts,request_end_ts,request_latency_ms,success,http_status,error,prompt_tokens_estimate,requested_max_tokens,output_tokens_estimate,total_tokens_estimate
0,healthy,vllm_healthy,1782155156.580416,1782155160.4352617,3854.8457622528076,1,200,,156,64,23,179
1,healthy,vllm_healthy,1782155160.4361255,1782155164.2236872,3787.5616550445557,1,200,,156,64,23,179
2,healthy,vllm_healthy,1782155164.2245622,1782155168.0096104,3785.048246383667,1,200,,156,64,23,179
3,healthy,vllm_healthy,1782155168.010512,1782155171.8053186,3794.806480407715,1,200,,156,64,23,179
4,healthy,vllm_healthy,1782155171.8061807,1782155175.6070452,3800.8644580841064,1,200,,156,64,23,179
5,healthy,vllm_healthy,1782155175.6078987,1782155179.4032414,3795.3426837921143,1,200,,156,64,23,179
6,healthy,vllm_healthy,1782155179.4040525,1782155183.2135737,3809.521198272705,1,200,,156,64,23,179
7,healthy,vllm_healthy,1782155183.2146974,1782155187.0103877,3795.6902980804443,1,200,,156,64,23,179
8,healthy,vllm_healthy,1782155187.0115175,1782155190.8276129,3816.0953521728516,1,200,,156,64,23,179
