request_id,scenario,workload_phase_label,request_start_ts,request_end_ts,request_latency_ms,success,http_status,error,prompt_tokens_estimate,requested_max_tokens,output_tokens_estimate,total_tokens_estimate
1,long_output,vllm_long_output,1781651104.4395387,1781651135.307779,30868.240356445312,1,200,,198,512,410,608
0,long_output,vllm_long_output,1781651104.437717,1781651135.3084168,30870.699882507324,1,200,,198,512,407,605
2,long_output,vllm_long_output,1781651104.4408858,1781651135.3086965,30867.81072616577,1,200,,198,512,397,595
3,long_output,vllm_long_output,1781651104.4420683,1781651135.3623455,30920.27711868286,1,200,,198,512,392,590
