request_id,scenario,workload_phase_label,request_start_ts,request_end_ts,request_latency_ms,success,http_status,error,prompt_tokens_estimate,requested_max_tokens,output_tokens_estimate,total_tokens_estimate
0,healthy,vllm_healthy,1782154878.1147242,1782154881.961032,3846.3077545166016,1,200,,156,64,23,179
1,healthy,vllm_healthy,1782154881.9617007,1782154885.7441647,3782.464027404785,1,200,,156,64,23,179
2,healthy,vllm_healthy,1782154885.7447855,1782154889.5352652,3790.4796600341797,1,200,,156,64,23,179
3,healthy,vllm_healthy,1782154889.5357187,1782154893.333074,3797.3554134368896,1,200,,156,64,55,211
4,healthy,vllm_healthy,1782154893.3336592,1782154897.126025,3792.365789413452,1,200,,156,64,52,208
5,healthy,vllm_healthy,1782154897.126886,1782154900.913689,3786.8030071258545,1,200,,156,64,23,179
6,healthy,vllm_healthy,1782154900.914625,1782154904.6927614,3778.1364917755127,1,200,,156,64,49,205
7,healthy,vllm_healthy,1782154904.694358,1782154908.4873075,3792.949438095093,1,200,,156,64,47,203
