request_id,scenario,workload_phase_label,request_start_ts,request_end_ts,request_latency_ms,success,http_status,error,prompt_tokens_estimate,requested_max_tokens,output_tokens_estimate,total_tokens_estimate
0,long_output,vllm_long_output,1781650967.9860744,1781650998.8413842,30855.30972480774,1,200,,198,512,388,586
3,long_output,vllm_long_output,1781650967.9917827,1781650998.9007826,30908.999919891357,1,200,,198,512,393,591
2,long_output,vllm_long_output,1781650967.9901175,1781650998.9016595,30911.54193878174,1,200,,198,512,389,587
1,long_output,vllm_long_output,1781650967.9885366,1781650998.9018319,30913.29526901245,1,200,,198,512,415,613
5,long_output,vllm_long_output,1781650998.9033396,1781651029.7856367,30882.297039031982,1,200,,198,512,389,587
4,long_output,vllm_long_output,1781650998.9027853,1781651029.845176,30942.39068031311,1,200,,198,512,397,595
7,long_output,vllm_long_output,1781650998.904185,1781651029.845324,30941.138982772827,1,200,,198,512,398,596
6,long_output,vllm_long_output,1781650998.9036915,1781651029.8454368,30941.745281219482,1,200,,198,512,397,595
