request_id,scenario,workload_phase_label,request_start_ts,request_end_ts,request_latency_ms,success,http_status,error,prompt_tokens_estimate,requested_max_tokens,output_tokens_estimate,total_tokens_estimate
0,long_output,vllm_long_output,1782194740.115406,1782194747.339551,7224.14493560791,1,200,,198,512,389,587
1,long_output,vllm_long_output,1782194740.1166146,1782194747.3553321,7238.717555999756,1,200,,198,512,401,599
3,long_output,vllm_long_output,1782194740.119393,1782194747.355745,7236.35196685791,1,200,,198,512,398,596
2,long_output,vllm_long_output,1782194740.1175663,1782194747.359642,7242.075681686401,1,200,,198,512,394,592
4,long_output,vllm_long_output,1782194747.3657224,1782194754.4921296,7126.407146453857,1,200,,198,512,405,603
5,long_output,vllm_long_output,1782194747.3663592,1782194754.492275,7125.915765762329,1,200,,198,512,392,590
6,long_output,vllm_long_output,1782194747.3679414,1782194754.5058002,7137.858867645264,1,200,,198,512,406,604
7,long_output,vllm_long_output,1782194747.3682897,1782194754.5059898,7137.700080871582,1,200,,198,512,401,599
