request_id,scenario,workload_phase_label,request_start_ts,request_end_ts,request_latency_ms,success,http_status,error,prompt_tokens_estimate,requested_max_tokens,output_tokens_estimate,total_tokens_estimate
2,long_output,vllm_long_output,1782159822.7341197,1782159854.0144067,31280.28702735901,1,200,,198,512,393,591
3,long_output,vllm_long_output,1782159822.7368643,1782159854.0767834,31339.919090270996,1,200,,198,512,403,601
0,long_output,vllm_long_output,1782159822.7281835,1782159854.0777147,31349.531173706055,1,200,,198,512,401,599
1,long_output,vllm_long_output,1782159822.7326732,1782159854.0787773,31346.10414505005,1,200,,198,512,411,609
