request_id,scenario,workload_phase_label,request_start_ts,request_end_ts,request_latency_ms,success,http_status,error,prompt_tokens_estimate,requested_max_tokens,output_tokens_estimate,total_tokens_estimate
1,long_output,vllm_long_output,1782158898.3866198,1782158929.7791271,31392.507314682007,1,200,,198,512,411,609
3,long_output,vllm_long_output,1782158898.389262,1782158929.8407466,31451.48468017578,1,200,,198,512,393,591
2,long_output,vllm_long_output,1782158898.3879478,1782158929.8415961,31453.648328781128,1,200,,198,512,389,587
0,long_output,vllm_long_output,1782158898.3814082,1782158929.8421361,31460.72793006897,1,200,,198,512,401,599
