request_id,scenario,workload_phase_label,request_start_ts,request_end_ts,request_latency_ms,success,http_status,error,prompt_tokens_estimate,requested_max_tokens,output_tokens_estimate,total_tokens_estimate
1,long_output,vllm_long_output,1782158696.3011441,1782158727.6533122,31352.168083190918,1,200,,198,512,411,609
3,long_output,vllm_long_output,1782158696.3068864,1782158727.7147079,31407.82141685486,1,200,,198,512,393,591
2,long_output,vllm_long_output,1782158696.3039193,1782158727.71512,31411.200761795044,1,200,,198,512,389,587
0,long_output,vllm_long_output,1782158696.2958994,1782158727.7161412,31420.241832733154,1,200,,198,512,401,599
