request_id,scenario,workload_phase_label,request_start_ts,request_end_ts,request_latency_ms,success,http_status,error,prompt_tokens_estimate,requested_max_tokens,output_tokens_estimate,total_tokens_estimate
1,long_prompt,vllm_long_prompt,1782161194.9016137,1782161202.2512474,7349.633693695068,1,200,,1592,64,29,1621
0,long_prompt,vllm_long_prompt,1782161194.8967135,1782161202.374264,7477.550506591797,1,200,,1592,64,29,1621
2,long_prompt,vllm_long_prompt,1782161194.9048142,1782161202.4966474,7591.833114624023,1,200,,1592,64,29,1621
3,long_prompt,vllm_long_prompt,1782161194.9087887,1782161202.5570092,7648.220539093018,1,200,,1592,64,29,1621
4,long_prompt,vllm_long_prompt,1782161202.5584817,1782161209.8885162,7330.034494400024,1,200,,1592,64,29,1621
5,long_prompt,vllm_long_prompt,1782161202.560042,1782161210.0131829,7453.1409740448,1,200,,1592,64,29,1621
6,long_prompt,vllm_long_prompt,1782161202.5614717,1782161210.135614,7574.142217636108,1,200,,1592,64,29,1621
7,long_prompt,vllm_long_prompt,1782161202.5631475,1782161210.1953409,7632.193326950073,1,200,,1592,64,29,1621
