request_id,scenario,workload_phase_label,request_start_ts,request_end_ts,request_latency_ms,success,http_status,error,prompt_tokens_estimate,requested_max_tokens,output_tokens_estimate,total_tokens_estimate
0,healthy,vllm_healthy,1781728594.3246784,1781728598.0752704,3750.591993331909,1,200,,156,64,23,179
1,healthy,vllm_healthy,1781728598.0760016,1781728601.7835524,3707.5507640838623,1,200,,156,64,23,179
2,healthy,vllm_healthy,1781728601.7841063,1781728605.506844,3722.7377891540527,1,200,,156,64,23,179
3,healthy,vllm_healthy,1781728605.5079763,1781728609.2282841,3720.3078269958496,1,200,,156,64,23,179
4,healthy,vllm_healthy,1781728609.2287726,1781728612.9524624,3723.6897945404053,1,200,,156,64,23,179
5,healthy,vllm_healthy,1781728612.9528906,1781728616.6651933,3712.3026847839355,1,200,,156,64,23,179
6,healthy,vllm_healthy,1781728616.6656225,1781728620.3925757,3726.9532680511475,1,200,,156,64,23,179
7,healthy,vllm_healthy,1781728620.3930414,1781728624.1111977,3718.156337738037,1,200,,156,64,23,179
8,healthy,vllm_healthy,1781728624.1124914,1781728627.8331628,3720.6714153289795,1,200,,156,64,23,179
