request_id,scenario,workload_phase_label,request_start_ts,request_end_ts,request_latency_ms,success,http_status,error,prompt_tokens_estimate,requested_max_tokens,output_tokens_estimate,total_tokens_estimate
0,healthy,vllm_healthy,1782154382.5125954,1782154386.3821764,3869.5809841156006,1,200,,156,64,23,179
1,healthy,vllm_healthy,1782154386.3830593,1782154390.1845431,3801.4838695526123,1,200,,156,64,23,179
2,healthy,vllm_healthy,1782154390.1854315,1782154393.984671,3799.2396354675293,1,200,,156,64,23,179
3,healthy,vllm_healthy,1782154393.9855943,1782154397.7711625,3785.5682373046875,1,200,,156,64,55,211
4,healthy,vllm_healthy,1782154397.7720177,1782154401.5498424,3777.824640274048,1,200,,156,64,52,208
5,healthy,vllm_healthy,1782154401.5505846,1782154405.348342,3797.757387161255,1,200,,156,64,23,179
6,healthy,vllm_healthy,1782154405.3492403,1782154409.1535006,3804.26025390625,1,200,,156,64,49,205
7,healthy,vllm_healthy,1782154409.1548827,1782154412.950449,3795.5663204193115,1,200,,156,64,47,203
8,healthy,vllm_healthy,1782154412.951404,1782154416.7529538,3801.5496730804443,1,200,,156,64,47,203
