request_id,scenario,workload_phase_label,request_start_ts,request_end_ts,request_latency_ms,success,http_status,error,prompt_tokens_estimate,requested_max_tokens,output_tokens_estimate,total_tokens_estimate
0,kv_cache_pressure,vllm_kv_cache_pressure,1782156911.0824537,1782156930.4678671,19385.41340827942,1,200,,1592,192,86,1678
2,kv_cache_pressure,vllm_kv_cache_pressure,1782156911.090197,1782156930.599342,19509.1450214386,1,200,,1592,192,86,1678
3,kv_cache_pressure,vllm_kv_cache_pressure,1782156911.0920758,1782156930.73061,19638.53406906128,1,200,,1592,192,86,1678
1,kv_cache_pressure,vllm_kv_cache_pressure,1782156911.0881674,1782156930.7944438,19706.276416778564,1,200,,1592,192,86,1678
5,kv_cache_pressure,vllm_kv_cache_pressure,1782156911.0974922,1782156930.921727,19824.2347240448,1,200,,1592,192,86,1678
4,kv_cache_pressure,vllm_kv_cache_pressure,1782156911.0937462,1782156931.046438,19952.691793441772,1,200,,1592,192,86,1678
7,kv_cache_pressure,vllm_kv_cache_pressure,1782156911.107708,1782156931.1689885,20061.280488967896,1,200,,1592,192,86,1678
6,kv_cache_pressure,vllm_kv_cache_pressure,1782156911.101827,1782156931.2290952,20127.268314361572,1,200,,1592,192,86,1678
