request_id,scenario,workload_phase_label,request_start_ts,request_end_ts,request_latency_ms,success,http_status,error,prompt_tokens_estimate,requested_max_tokens,output_tokens_estimate,total_tokens_estimate
2,long_output,vllm_long_output,1781808971.882281,1781809002.8324084,30950.127363204956,1,200,,198,512,431,629
3,long_output,vllm_long_output,1781808971.8830845,1781809002.8330772,30949.992656707764,1,200,,198,512,416,614
1,long_output,vllm_long_output,1781808971.881537,1781809002.8902075,31008.670568466187,1,200,,198,512,413,611
0,long_output,vllm_long_output,1781808971.8800695,1781809002.8903468,31010.277271270752,1,200,,198,512,424,622
4,long_output,vllm_long_output,1781809002.89121,1781809033.9458237,31054.61359024048,1,200,,198,512,415,613
6,long_output,vllm_long_output,1781809002.8918922,1781809033.9460661,31054.173946380615,1,200,,198,512,419,617
5,long_output,vllm_long_output,1781809002.8915784,1781809033.9462264,31054.64792251587,1,200,,198,512,402,600
7,long_output,vllm_long_output,1781809002.8923721,1781809034.0018406,31109.468460083008,1,200,,198,512,401,599
