request_id,scenario,workload_phase_label,request_start_ts,request_end_ts,request_latency_ms,success,http_status,error,prompt_tokens_estimate,requested_max_tokens,output_tokens_estimate,total_tokens_estimate
2,long_prompt,vllm_long_prompt,1782160608.007852,1782160615.322607,7314.754962921143,1,200,,1592,64,29,1621
1,long_prompt,vllm_long_prompt,1782160608.0056605,1782160615.4453187,7439.658164978027,1,200,,1592,64,29,1621
0,long_prompt,vllm_long_prompt,1782160608.0013561,1782160615.5675888,7566.232681274414,1,200,,1592,64,29,1621
3,long_prompt,vllm_long_prompt,1782160608.0099742,1782160615.6275983,7617.624044418335,1,200,,1592,64,29,1621
4,long_prompt,vllm_long_prompt,1782160615.6294708,1782160622.8916018,7262.130975723267,1,200,,1592,64,29,1621
5,long_prompt,vllm_long_prompt,1782160615.631218,1782160623.016907,7385.68902015686,1,200,,1592,64,29,1621
6,long_prompt,vllm_long_prompt,1782160615.6319628,1782160623.139931,7507.968187332153,1,200,,1592,64,29,1621
7,long_prompt,vllm_long_prompt,1782160615.633444,1782160623.199682,7566.237926483154,1,200,,1592,64,29,1621
