request_id,scenario,workload_phase_label,request_start_ts,request_end_ts,request_latency_ms,success,http_status,error,prompt_tokens_estimate,requested_max_tokens,output_tokens_estimate,total_tokens_estimate
0,healthy,vllm_healthy,1782155461.1518776,1782155465.0292768,3877.399206161499,1,200,,156,64,23,179
1,healthy,vllm_healthy,1782155465.0302362,1782155468.8384151,3808.1789016723633,1,200,,156,64,23,179
2,healthy,vllm_healthy,1782155468.8392944,1782155472.6470752,3807.7807426452637,1,200,,156,64,23,179
3,healthy,vllm_healthy,1782155472.6479828,1782155476.457399,3809.4160556793213,1,200,,156,64,23,179
4,healthy,vllm_healthy,1782155476.4583414,1782155480.2592301,3800.888776779175,1,200,,156,64,23,179
5,healthy,vllm_healthy,1782155480.2601547,1782155484.064905,3804.7502040863037,1,200,,156,64,23,179
6,healthy,vllm_healthy,1782155484.065841,1782155487.890166,3824.3250846862793,1,200,,156,64,23,179
7,healthy,vllm_healthy,1782155487.8917208,1782155491.6855845,3793.8637733459473,1,200,,156,64,23,179
