request_id,scenario,workload_phase_label,request_start_ts,request_end_ts,request_latency_ms,success,http_status,error,prompt_tokens_estimate,requested_max_tokens,output_tokens_estimate,total_tokens_estimate
1,long_output,vllm_long_output,1782158592.480662,1782158623.787342,31306.67996406555,1,200,,198,512,422,620
3,long_output,vllm_long_output,1782158592.4862149,1782158623.8496895,31363.47460746765,1,200,,198,512,389,587
2,long_output,vllm_long_output,1782158592.4835367,1782158623.8512468,31367.71011352539,1,200,,198,512,390,588
0,long_output,vllm_long_output,1782158592.4760773,1782158623.8516607,31375.58341026306,1,200,,198,512,392,590
