request_id,scenario,workload_phase_label,request_start_ts,request_end_ts,request_latency_ms,success,http_status,error,prompt_tokens_estimate,requested_max_tokens,output_tokens_estimate,total_tokens_estimate
0,healthy,vllm_healthy,1781728833.9589078,1781728837.7092211,3750.3132820129395,1,200,,156,64,23,179
1,healthy,vllm_healthy,1781728837.7095194,1781728841.4195242,3710.0048065185547,1,200,,156,64,23,179
2,healthy,vllm_healthy,1781728841.419821,1781728845.136603,3716.7820930480957,1,200,,156,64,23,179
3,healthy,vllm_healthy,1781728845.136959,1781728848.853801,3716.84193611145,1,200,,156,64,23,179
4,healthy,vllm_healthy,1781728848.8541756,1781728852.5706232,3716.447591781616,1,200,,156,64,23,179
5,healthy,vllm_healthy,1781728852.571115,1781728856.2788873,3707.7722549438477,1,200,,156,64,23,179
6,healthy,vllm_healthy,1781728856.2791488,1781728859.9961812,3717.0324325561523,1,200,,156,64,23,179
7,healthy,vllm_healthy,1781728859.9964695,1781728863.714066,3717.5965309143066,1,200,,156,64,23,179
8,healthy,vllm_healthy,1781728863.7143762,1781728867.437884,3723.507881164551,1,200,,156,64,23,179
