request_id,scenario,workload_phase_label,request_start_ts,request_end_ts,request_latency_ms,success,http_status,error,prompt_tokens_estimate,requested_max_tokens,output_tokens_estimate,total_tokens_estimate
0,healthy,vllm_healthy,1782154560.8278127,1782154564.6863403,3858.527660369873,1,200,,156,64,23,179
1,healthy,vllm_healthy,1782154564.6873124,1782154568.475163,3787.8506183624268,1,200,,156,64,23,179
2,healthy,vllm_healthy,1782154568.475809,1782154572.263306,3787.49680519104,1,200,,156,64,23,179
3,healthy,vllm_healthy,1782154572.2641695,1782154576.0540795,3789.910078048706,1,200,,156,64,55,211
4,healthy,vllm_healthy,1782154576.0547273,1782154579.8384151,3783.6878299713135,1,200,,156,64,52,208
5,healthy,vllm_healthy,1782154579.8390653,1782154583.6135504,3774.4851112365723,1,200,,156,64,23,179
6,healthy,vllm_healthy,1782154583.6144252,1782154587.387788,3773.362874984741,1,200,,156,64,49,205
7,healthy,vllm_healthy,1782154587.3888159,1782154591.178954,3790.138006210327,1,200,,156,64,47,203
8,healthy,vllm_healthy,1782154591.179913,1782154594.9824626,3802.5496006011963,1,200,,156,64,47,203
