request_id,scenario,workload_phase_label,request_start_ts,request_end_ts,request_latency_ms,success,http_status,error,prompt_tokens_estimate,requested_max_tokens,output_tokens_estimate,total_tokens_estimate
1,long_output,vllm_long_output,1782158085.2776365,1782158116.5505738,31272.937297821045,1,200,,198,512,409,607
0,long_output,vllm_long_output,1782158085.272964,1782158116.550988,31278.023958206177,1,200,,198,512,389,587
3,long_output,vllm_long_output,1782158085.28395,1782158116.6083825,31324.432373046875,1,200,,198,512,389,587
2,long_output,vllm_long_output,1782158085.280724,1782158116.608757,31328.032970428467,1,200,,198,512,390,588
