request_id,scenario,workload_phase_label,request_start_ts,request_end_ts,request_latency_ms,success,http_status,error,prompt_tokens_estimate,requested_max_tokens,output_tokens_estimate,total_tokens_estimate
1,long_prompt,vllm_long_prompt,1782160024.3138673,1782160031.6373527,7323.485374450684,1,200,,1592,64,29,1621
0,long_prompt,vllm_long_prompt,1782160024.3081317,1782160031.7610807,7452.949047088623,1,200,,1592,64,29,1621
2,long_prompt,vllm_long_prompt,1782160024.317975,1782160031.8833413,7565.366268157959,1,200,,1592,64,29,1621
3,long_prompt,vllm_long_prompt,1782160024.3229191,1782160031.945793,7622.873783111572,1,200,,1592,64,29,1621
5,long_prompt,vllm_long_prompt,1782160031.9496276,1782160039.2511363,7301.508665084839,1,200,,1592,64,29,1621
4,long_prompt,vllm_long_prompt,1782160031.947961,1782160039.375603,7427.641868591309,1,200,,1592,64,29,1621
7,long_prompt,vllm_long_prompt,1782160031.9532187,1782160039.4978123,7544.593572616577,1,200,,1592,64,29,1621
6,long_prompt,vllm_long_prompt,1782160031.9515448,1782160039.557728,7606.183290481567,1,200,,1592,64,29,1621
