request_id,scenario,workload_phase_label,request_start_ts,request_end_ts,request_latency_ms,success,http_status,error,prompt_tokens_estimate,requested_max_tokens,output_tokens_estimate,total_tokens_estimate
7,kv_cache_pressure,vllm_kv_cache_pressure,1782156263.8759644,1782156283.1975546,19321.590185165405,1,200,,1592,192,86,1678
2,kv_cache_pressure,vllm_kv_cache_pressure,1782156263.858744,1782156283.3286576,19469.913721084595,1,200,,1592,192,86,1678
3,kv_cache_pressure,vllm_kv_cache_pressure,1782156263.861522,1782156283.4598796,19598.357677459717,1,200,,1592,192,86,1678
6,kv_cache_pressure,vllm_kv_cache_pressure,1782156263.8734505,1782156283.523854,19650.40349960327,1,200,,1592,192,86,1678
1,kv_cache_pressure,vllm_kv_cache_pressure,1782156263.854715,1782156283.6507857,19796.07057571411,1,200,,1592,192,86,1678
0,kv_cache_pressure,vllm_kv_cache_pressure,1782156263.8487895,1782156283.7754161,19926.626682281494,1,200,,1592,192,86,1678
4,kv_cache_pressure,vllm_kv_cache_pressure,1782156263.8647885,1782156283.8978946,20033.106088638306,1,200,,1592,192,86,1678
5,kv_cache_pressure,vllm_kv_cache_pressure,1782156263.8690023,1782156283.9577818,20088.77944946289,1,200,,1592,192,86,1678
