request_id,scenario,workload_phase_label,request_start_ts,request_end_ts,request_latency_ms,success,http_status,error,prompt_tokens_estimate,requested_max_tokens,output_tokens_estimate,total_tokens_estimate
0,healthy,vllm_healthy,1781728752.9487846,1781728756.6249893,3676.2046813964844,1,200,,156,64,23,179
1,healthy,vllm_healthy,1781728756.62544,1781728760.2951677,3669.7278022766113,1,200,,156,64,23,179
2,healthy,vllm_healthy,1781728760.2955804,1781728763.973257,3677.6766777038574,1,200,,156,64,23,179
3,healthy,vllm_healthy,1781728763.9736416,1781728767.6520476,3678.406000137329,1,200,,156,64,23,179
4,healthy,vllm_healthy,1781728767.6524503,1781728771.3302414,3677.791118621826,1,200,,156,64,23,179
5,healthy,vllm_healthy,1781728771.3305192,1781728775.0007257,3670.2065467834473,1,200,,156,64,23,179
6,healthy,vllm_healthy,1781728775.0009937,1781728778.6734095,3672.4157333374023,1,200,,156,64,23,179
7,healthy,vllm_healthy,1781728778.6737385,1781728782.353209,3679.4705390930176,1,200,,156,64,23,179
8,healthy,vllm_healthy,1781728782.3535194,1781728786.0293093,3675.7898330688477,1,200,,156,64,23,179
