request_id,scenario,workload_phase_label,request_start_ts,request_end_ts,request_latency_ms,success,http_status,error,prompt_tokens_estimate,requested_max_tokens,output_tokens_estimate,total_tokens_estimate
2,long_output,vllm_long_output,1782158288.8984938,1782158320.3265939,31428.10010910034,1,200,,198,512,400,598
3,long_output,vllm_long_output,1782158288.9003181,1782158320.3900642,31489.74609375,1,200,,198,512,389,587
0,long_output,vllm_long_output,1782158288.8923137,1782158320.390486,31498.172283172607,1,200,,198,512,392,590
1,long_output,vllm_long_output,1782158288.8967292,1782158320.3909676,31494.23837661743,1,200,,198,512,402,600
