request_id,scenario,workload_phase_label,request_start_ts,request_end_ts,request_latency_ms,success,http_status,error,prompt_tokens_estimate,requested_max_tokens,output_tokens_estimate,total_tokens_estimate
2,long_output,vllm_long_output,1782159302.7844095,1782159334.1102676,31325.858116149902,1,200,,198,512,397,595
1,long_output,vllm_long_output,1782159302.7814422,1782159334.111817,31330.374717712402,1,200,,198,512,410,608
0,long_output,vllm_long_output,1782159302.7768657,1782159334.1122398,31335.374116897583,1,200,,198,512,407,605
3,long_output,vllm_long_output,1782159302.787339,1782159334.1683648,31381.025791168213,1,200,,198,512,392,590
