request_id,scenario,workload_phase_label,request_start_ts,request_end_ts,request_latency_ms,success,http_status,error,prompt_tokens_estimate,requested_max_tokens,output_tokens_estimate,total_tokens_estimate
0,long_output,vllm_long_output,1782194114.5855186,1782194121.8369741,7251.455545425415,1,200,,198,512,405,603
1,long_output,vllm_long_output,1782194114.5867786,1782194121.837148,7250.369310379028,1,200,,198,512,410,608
2,long_output,vllm_long_output,1782194114.5879035,1782194121.8523943,7264.490842819214,1,200,,198,512,396,594
3,long_output,vllm_long_output,1782194114.590164,1782194121.8536212,7263.457298278809,1,200,,198,512,389,587
4,long_output,vllm_long_output,1782194121.8550613,1782194128.9763215,7121.260166168213,1,200,,198,512,396,594
5,long_output,vllm_long_output,1782194121.8557575,1782194128.9912975,7135.540008544922,1,200,,198,512,393,591
6,long_output,vllm_long_output,1782194121.8561084,1782194128.9914653,7135.356903076172,1,200,,198,512,403,601
7,long_output,vllm_long_output,1782194121.8564653,1782194128.991599,7135.133743286133,1,200,,198,512,407,605
