request_id,scenario,workload_phase_label,request_start_ts,request_end_ts,request_latency_ms,success,http_status,error,prompt_tokens_estimate,requested_max_tokens,output_tokens_estimate,total_tokens_estimate
0,healthy,vllm_healthy,1782156053.0941234,1782156056.9591293,3865.0059700012207,1,200,,156,64,23,179
1,healthy,vllm_healthy,1782156056.9596775,1782156060.7526898,3793.0123805999756,1,200,,156,64,23,179
2,healthy,vllm_healthy,1782156060.753222,1782156064.5443046,3791.0826206207275,1,200,,156,64,23,179
3,healthy,vllm_healthy,1782156064.545214,1782156068.3422737,3797.0597743988037,1,200,,156,64,23,179
4,healthy,vllm_healthy,1782156068.3431742,1782156072.132691,3789.5166873931885,1,200,,156,64,23,179
5,healthy,vllm_healthy,1782156072.1335907,1782156075.916731,3783.1404209136963,1,200,,156,64,23,179
6,healthy,vllm_healthy,1782156075.9176295,1782156079.7065032,3788.8736724853516,1,200,,156,64,49,205
7,healthy,vllm_healthy,1782156079.7081826,1782156083.4957855,3787.6029014587402,1,200,,156,64,23,179
