request_id,scenario,workload_phase_label,request_start_ts,request_end_ts,request_latency_ms,success,http_status,error,prompt_tokens_estimate,requested_max_tokens,output_tokens_estimate,total_tokens_estimate
5,kv_cache_pressure,vllm_kv_cache_pressure,1782157553.8027298,1782157573.122622,19319.892168045044,1,200,,1592,192,86,1678
3,kv_cache_pressure,vllm_kv_cache_pressure,1782157553.7912474,1782157573.2536025,19462.355136871338,1,200,,1592,192,86,1678
0,kv_cache_pressure,vllm_kv_cache_pressure,1782157553.7763677,1782157573.3848572,19608.489513397217,1,200,,1592,192,86,1678
2,kv_cache_pressure,vllm_kv_cache_pressure,1782157553.78637,1782157573.449318,19662.9478931427,1,200,,1592,192,86,1678
1,kv_cache_pressure,vllm_kv_cache_pressure,1782157553.7819033,1782157573.5759118,19794.008493423462,1,200,,1592,192,86,1678
6,kv_cache_pressure,vllm_kv_cache_pressure,1782157553.8074458,1782157573.7004974,19893.051624298096,1,200,,1592,192,86,1678
7,kv_cache_pressure,vllm_kv_cache_pressure,1782157553.8116508,1782157573.8234448,20011.794090270996,1,200,,1592,192,86,1678
4,kv_cache_pressure,vllm_kv_cache_pressure,1782157553.795603,1782157573.882932,20087.328910827637,1,200,,1592,192,86,1678
