request_id,scenario,workload_phase_label,request_start_ts,request_end_ts,request_latency_ms,success,http_status,error,prompt_tokens_estimate,requested_max_tokens,output_tokens_estimate,total_tokens_estimate
0,healthy,vllm_healthy,1782155361.3494086,1782155365.2096806,3860.27193069458,1,200,,156,64,23,179
1,healthy,vllm_healthy,1782155365.2106445,1782155368.9979157,3787.27126121521,1,200,,156,64,23,179
2,healthy,vllm_healthy,1782155368.9988444,1782155372.7761729,3777.3284912109375,1,200,,156,64,23,179
3,healthy,vllm_healthy,1782155372.7768805,1782155376.5754259,3798.5453605651855,1,200,,156,64,23,179
4,healthy,vllm_healthy,1782155376.576008,1782155380.3577514,3781.743288040161,1,200,,156,64,23,179
5,healthy,vllm_healthy,1782155380.3584113,1782155384.154478,3796.0667610168457,1,200,,156,64,23,179
6,healthy,vllm_healthy,1782155384.155046,1782155387.9384575,3783.4115028381348,1,200,,156,64,23,179
7,healthy,vllm_healthy,1782155387.9391148,1782155391.7357922,3796.677350997925,1,200,,156,64,23,179
