request_id,scenario,workload_phase_label,request_start_ts,request_end_ts,request_latency_ms,success,http_status,error,prompt_tokens_estimate,requested_max_tokens,output_tokens_estimate,total_tokens_estimate
0,long_output,vllm_long_output,1782193497.349678,1782193504.6138456,7264.167547225952,1,200,,198,512,400,598
3,long_output,vllm_long_output,1782193497.3555336,1782193504.6283524,7272.818803787231,1,200,,198,512,389,587
1,long_output,vllm_long_output,1782193497.3515785,1782193504.6286416,7277.0631313323975,1,200,,198,512,396,594
2,long_output,vllm_long_output,1782193497.353473,1782193504.628803,7275.330066680908,1,200,,198,512,389,587
4,long_output,vllm_long_output,1782193504.6293974,1782193511.826379,7196.98166847229,1,200,,198,512,390,588
5,long_output,vllm_long_output,1782193504.6296022,1782193511.8433561,7213.753938674927,1,200,,198,512,389,587
7,long_output,vllm_long_output,1782193504.6303067,1782193511.8434997,7213.192939758301,1,200,,198,512,403,601
6,long_output,vllm_long_output,1782193504.6298122,1782193511.8436246,7213.812351226807,1,200,,198,512,414,612
