request_id,scenario,workload_phase_label,request_start_ts,request_end_ts,request_latency_ms,success,http_status,error,prompt_tokens_estimate,requested_max_tokens,output_tokens_estimate,total_tokens_estimate
2,long_output,vllm_long_output,1782159405.228267,1782159436.6393974,31411.13042831421,1,200,,198,512,392,590
1,long_output,vllm_long_output,1782159405.2248576,1782159436.6398156,31414.958000183105,1,200,,198,512,409,607
3,long_output,vllm_long_output,1782159405.2321098,1782159436.6996715,31467.561721801758,1,200,,198,512,403,601
0,long_output,vllm_long_output,1782159405.2204726,1782159436.7001195,31479.646921157837,1,200,,198,512,401,599
