request_id,scenario,workload_phase_label,request_start_ts,request_end_ts,request_latency_ms,success,http_status,error,prompt_tokens_estimate,requested_max_tokens,output_tokens_estimate,total_tokens_estimate
0,long_output,vllm_long_output,1782159202.819029,1782159234.128356,31309.326887130737,1,200,,198,512,398,596
1,long_output,vllm_long_output,1782159202.823953,1782159234.1295714,31305.61852455139,1,200,,198,512,410,608
2,long_output,vllm_long_output,1782159202.82704,1782159234.1870692,31360.029220581055,1,200,,198,512,389,587
3,long_output,vllm_long_output,1782159202.828946,1782159234.187471,31358.524799346924,1,200,,198,512,393,591
