request_id,scenario,workload_phase_label,request_start_ts,request_end_ts,request_latency_ms,success,http_status,error,prompt_tokens_estimate,requested_max_tokens,output_tokens_estimate,total_tokens_estimate
2,long_output,vllm_long_output,1782158796.0612533,1782158827.313562,31252.30860710144,1,200,,198,512,397,595
0,long_output,vllm_long_output,1782158796.0543368,1782158827.314074,31259.737253189087,1,200,,198,512,398,596
1,long_output,vllm_long_output,1782158796.0591073,1782158827.372952,31313.844680786133,1,200,,198,512,415,613
3,long_output,vllm_long_output,1782158796.0628464,1782158827.3732731,31310.426712036133,1,200,,198,512,393,591
