request_id,scenario,workload_phase_label,request_start_ts,request_end_ts,request_latency_ms,success,http_status,error,prompt_tokens_estimate,requested_max_tokens,output_tokens_estimate,total_tokens_estimate
0,healthy,vllm_healthy,1782154664.9874296,1782154668.845029,3857.5994968414307,1,200,,156,64,23,179
1,healthy,vllm_healthy,1782154668.8460128,1782154672.6349838,3788.970947265625,1,200,,156,64,23,179
2,healthy,vllm_healthy,1782154672.6358676,1782154676.4207401,3784.872531890869,1,200,,156,64,23,179
3,healthy,vllm_healthy,1782154676.4216926,1782154680.2139452,3792.252540588379,1,200,,156,64,55,211
4,healthy,vllm_healthy,1782154680.2149096,1782154684.0007598,3785.8502864837646,1,200,,156,64,52,208
5,healthy,vllm_healthy,1782154684.001736,1782154687.8051803,3803.4443855285645,1,200,,156,64,23,179
6,healthy,vllm_healthy,1782154687.8075871,1782154691.5983114,3790.724277496338,1,200,,156,64,49,205
7,healthy,vllm_healthy,1782154691.5990572,1782154695.397473,3798.4158992767334,1,200,,156,64,47,203
