request_id,scenario,workload_phase_label,request_start_ts,request_end_ts,request_latency_ms,success,http_status,error,prompt_tokens_estimate,requested_max_tokens,output_tokens_estimate,total_tokens_estimate
0,long_output,vllm_long_output,1782159100.2777772,1782159131.6963964,31418.61915588379,1,200,,198,512,388,586
3,long_output,vllm_long_output,1782159100.289075,1782159131.7573545,31468.279600143433,1,200,,198,512,393,591
2,long_output,vllm_long_output,1782159100.2857518,1782159131.7575717,31471.81987762451,1,200,,198,512,389,587
1,long_output,vllm_long_output,1782159100.2827487,1782159131.7577815,31475.032806396484,1,200,,198,512,415,613
