request_id,scenario,workload_phase_label,request_start_ts,request_end_ts,request_latency_ms,success,http_status,error,prompt_tokens_estimate,requested_max_tokens,output_tokens_estimate,total_tokens_estimate
1,long_output,vllm_long_output,1782159507.6999626,1782159539.101676,31401.713371276855,1,200,,198,512,402,600
0,long_output,vllm_long_output,1782159507.6977274,1782159539.159277,31461.549520492554,1,200,,198,512,401,599
3,long_output,vllm_long_output,1782159507.7026896,1782159539.1596193,31456.929683685303,1,200,,198,512,403,601
2,long_output,vllm_long_output,1782159507.7013679,1782159539.159816,31458.4481716156,1,200,,198,512,407,605
