request_id,scenario,workload_phase_label,request_start_ts,request_end_ts,request_latency_ms,success,http_status,error,prompt_tokens_estimate,requested_max_tokens,output_tokens_estimate,total_tokens_estimate
0,healthy,vllm_healthy,1782155748.3347363,1782155752.201588,3866.851568222046,1,200,,156,64,23,179
1,healthy,vllm_healthy,1782155752.2025442,1782155755.9917312,3789.186954498291,1,200,,156,64,23,179
2,healthy,vllm_healthy,1782155755.9926438,1782155759.7814019,3788.7580394744873,1,200,,156,64,23,179
3,healthy,vllm_healthy,1782155759.7823043,1782155763.5739684,3791.6641235351562,1,200,,156,64,23,179
4,healthy,vllm_healthy,1782155763.5748541,1782155767.3555925,3780.738353729248,1,200,,156,64,23,179
5,healthy,vllm_healthy,1782155767.3563583,1782155771.1462963,3789.937973022461,1,200,,156,64,23,179
6,healthy,vllm_healthy,1782155771.1471853,1782155774.9407902,3793.604850769043,1,200,,156,64,49,205
7,healthy,vllm_healthy,1782155774.9424698,1782155778.7426052,3800.135374069214,1,200,,156,64,23,179
8,healthy,vllm_healthy,1782155778.7436142,1782155782.5508034,3807.1892261505127,1,200,,156,64,23,179
