request_id,scenario,workload_phase_label,request_start_ts,request_end_ts,request_latency_ms,success,http_status,error,prompt_tokens_estimate,requested_max_tokens,output_tokens_estimate,total_tokens_estimate
0,healthy,vllm_healthy,1782155852.629313,1782155856.5101182,3880.805253982544,1,200,,156,64,23,179
1,healthy,vllm_healthy,1782155856.5107772,1782155860.3137043,3802.927017211914,1,200,,156,64,23,179
2,healthy,vllm_healthy,1782155860.314398,1782155864.1047132,3790.3151512145996,1,200,,156,64,23,179
3,healthy,vllm_healthy,1782155864.1055005,1782155867.9171176,3811.617136001587,1,200,,156,64,23,179
4,healthy,vllm_healthy,1782155867.9177086,1782155871.726166,3808.457374572754,1,200,,156,64,23,179
5,healthy,vllm_healthy,1782155871.7268906,1782155875.5400212,3813.1306171417236,1,200,,156,64,23,179
6,healthy,vllm_healthy,1782155875.5408323,1782155879.3480654,3807.2330951690674,1,200,,156,64,49,205
7,healthy,vllm_healthy,1782155879.3492289,1782155883.1445978,3795.3689098358154,1,200,,156,64,23,179
