request_id,scenario,workload_phase_label,request_start_ts,request_end_ts,request_latency_ms,success,http_status,error,prompt_tokens_estimate,requested_max_tokens,output_tokens_estimate,total_tokens_estimate
0,healthy,vllm_healthy,1781728714.4367995,1781728718.180265,3743.4654235839844,1,200,,156,64,23,179
1,healthy,vllm_healthy,1781728718.1806114,1781728721.8926454,3712.033987045288,1,200,,156,64,23,179
2,healthy,vllm_healthy,1781728721.893044,1781728725.6142461,3721.2021350860596,1,200,,156,64,23,179
3,healthy,vllm_healthy,1781728725.6149952,1781728729.3386464,3723.651170730591,1,200,,156,64,23,179
4,healthy,vllm_healthy,1781728729.338917,1781728733.056218,3717.3008918762207,1,200,,156,64,23,179
5,healthy,vllm_healthy,1781728733.0565434,1781728736.7671077,3710.564374923706,1,200,,156,64,23,179
6,healthy,vllm_healthy,1781728736.7673826,1781728740.486714,3719.3312644958496,1,200,,156,64,23,179
7,healthy,vllm_healthy,1781728740.4870994,1781728744.21113,3724.0304946899414,1,200,,156,64,23,179
8,healthy,vllm_healthy,1781728744.2113662,1781728747.9320338,3720.667600631714,1,200,,156,64,23,179
