request_id,scenario,workload_phase_label,request_start_ts,request_end_ts,request_latency_ms,success,http_status,error,prompt_tokens_estimate,requested_max_tokens,output_tokens_estimate,total_tokens_estimate
0,healthy,vllm_healthy,1782154976.3159547,1782154980.1712363,3855.2815914154053,1,200,,156,64,23,179
1,healthy,vllm_healthy,1782154980.1721387,1782154983.9674568,3795.318126678467,1,200,,156,64,23,179
2,healthy,vllm_healthy,1782154983.9683146,1782154987.7519283,3783.613681793213,1,200,,156,64,23,179
3,healthy,vllm_healthy,1782154987.7528172,1782154991.5478268,3795.0096130371094,1,200,,156,64,23,179
4,healthy,vllm_healthy,1782154991.5487368,1782154995.3403697,3791.632890701294,1,200,,156,64,23,179
5,healthy,vllm_healthy,1782154995.341251,1782154999.1309872,3789.736270904541,1,200,,156,64,23,179
6,healthy,vllm_healthy,1782154999.1318793,1782155002.9283154,3796.436071395874,1,200,,156,64,23,179
7,healthy,vllm_healthy,1782155002.9292068,1782155006.7093418,3780.134916305542,1,200,,156,64,23,179
8,healthy,vllm_healthy,1782155006.7101562,1782155010.5112712,3801.115036010742,1,200,,156,64,23,179
