request_id,scenario,workload_phase_label,request_start_ts,request_end_ts,request_latency_ms,success,http_status,error,prompt_tokens_estimate,requested_max_tokens,output_tokens_estimate,total_tokens_estimate
0,healthy,vllm_healthy,1782155561.4872937,1782155565.3569825,3869.6887493133545,1,200,,156,64,23,179
1,healthy,vllm_healthy,1782155565.357949,1782155569.1646771,3806.7281246185303,1,200,,156,64,23,179
2,healthy,vllm_healthy,1782155569.165624,1782155572.9602559,3794.6319580078125,1,200,,156,64,23,179
3,healthy,vllm_healthy,1782155572.9609323,1782155576.7531967,3792.264461517334,1,200,,156,64,23,179
4,healthy,vllm_healthy,1782155576.7538981,1782155580.524385,3770.486831665039,1,200,,156,64,23,179
5,healthy,vllm_healthy,1782155580.5251145,1782155584.3166196,3791.5050983428955,1,200,,156,64,23,179
6,healthy,vllm_healthy,1782155584.317332,1782155588.108641,3791.308879852295,1,200,,156,64,49,205
7,healthy,vllm_healthy,1782155588.1098216,1782155591.8970578,3787.236213684082,1,200,,156,64,23,179
8,healthy,vllm_healthy,1782155591.8977919,1782155595.693054,3795.262098312378,1,200,,156,64,23,179
