request_id,scenario,workload_phase_label,request_start_ts,request_end_ts,request_latency_ms,success,http_status,error,prompt_tokens_estimate,requested_max_tokens,output_tokens_estimate,total_tokens_estimate
0,healthy,vllm_healthy,1781648753.2564297,1781648757.0361078,3779.6781063079834,1,200,,156,64,23,179
1,healthy,vllm_healthy,1781648757.0368338,1781648760.7634678,3726.6340255737305,1,200,,156,64,23,179
2,healthy,vllm_healthy,1781648760.764156,1781648764.5084405,3744.2843914031982,1,200,,156,64,23,179
3,healthy,vllm_healthy,1781648764.5100024,1781648768.267697,3757.694721221924,1,200,,156,64,23,179
4,healthy,vllm_healthy,1781648768.2685213,1781648772.0129664,3744.4450855255127,1,200,,156,64,23,179
5,healthy,vllm_healthy,1781648772.0137553,1781648775.7455947,3731.839418411255,1,200,,156,64,23,179
6,healthy,vllm_healthy,1781648775.7464197,1781648779.486538,3740.1182651519775,1,200,,156,64,23,179
7,healthy,vllm_healthy,1781648779.487047,1781648783.2281191,3741.072177886963,1,200,,156,64,23,179
8,healthy,vllm_healthy,1781648783.2285795,1781648786.9761899,3747.610330581665,1,200,,156,64,23,179
