request_id,scenario,workload_phase_label,request_start_ts,request_end_ts,request_latency_ms,success,http_status,error,prompt_tokens_estimate,requested_max_tokens,output_tokens_estimate,total_tokens_estimate
1,long_output,vllm_long_output,1782158186.975024,1782158218.4026382,31427.614212036133,1,200,,198,512,409,607
0,long_output,vllm_long_output,1782158186.9700391,1782158218.4030476,31433.008432388306,1,200,,198,512,389,587
2,long_output,vllm_long_output,1782158186.978103,1782158218.461991,31483.888149261475,1,200,,198,512,390,588
3,long_output,vllm_long_output,1782158186.9811392,1782158218.4623876,31481.248378753662,1,200,,198,512,389,587
