request_id,scenario,workload_phase_label,request_start_ts,request_end_ts,request_latency_ms,success,http_status,error,prompt_tokens_estimate,requested_max_tokens,output_tokens_estimate,total_tokens_estimate
1,long_output,vllm_long_output,1782158390.8463852,1782158422.1986196,31352.23436355591,1,200,,198,512,422,620
3,long_output,vllm_long_output,1782158390.8530018,1782158422.2614982,31408.496379852295,1,200,,198,512,389,587
2,long_output,vllm_long_output,1782158390.8498523,1782158422.261872,31412.019729614258,1,200,,198,512,390,588
0,long_output,vllm_long_output,1782158390.8420112,1782158422.262832,31420.820713043213,1,200,,198,512,392,590
