request_id,scenario,workload_phase_label,request_start_ts,request_end_ts,request_latency_ms,success,http_status,error,prompt_tokens_estimate,requested_max_tokens,output_tokens_estimate,total_tokens_estimate
0,healthy,vllm_healthy,1782155952.9569564,1782155956.820332,3863.375663757324,1,200,,156,64,23,179
1,healthy,vllm_healthy,1782155956.8211656,1782155960.6143332,3793.1675910949707,1,200,,156,64,23,179
2,healthy,vllm_healthy,1782155960.6152158,1782155964.4090116,3793.7958240509033,1,200,,156,64,23,179
3,healthy,vllm_healthy,1782155964.4096432,1782155968.2134614,3803.8182258605957,1,200,,156,64,23,179
4,healthy,vllm_healthy,1782155968.2140799,1782155972.007512,3793.4322357177734,1,200,,156,64,23,179
5,healthy,vllm_healthy,1782155972.0083148,1782155975.804602,3796.2870597839355,1,200,,156,64,23,179
6,healthy,vllm_healthy,1782155975.8051884,1782155979.599898,3794.7096824645996,1,200,,156,64,49,205
7,healthy,vllm_healthy,1782155979.6007874,1782155983.4065037,3805.7162761688232,1,200,,156,64,23,179
