request_id,scenario,workload_phase_label,request_start_ts,request_end_ts,request_latency_ms,success,http_status,error,prompt_tokens_estimate,requested_max_tokens,output_tokens_estimate,total_tokens_estimate
0,healthy,vllm_healthy,1782155260.958647,1782155264.810467,3851.8199920654297,1,200,,156,64,23,179
1,healthy,vllm_healthy,1782155264.8113084,1782155268.603661,3792.3526763916016,1,200,,156,64,23,179
2,healthy,vllm_healthy,1782155268.6042874,1782155272.394079,3789.7915840148926,1,200,,156,64,23,179
3,healthy,vllm_healthy,1782155272.3947203,1782155276.1874998,3792.7794456481934,1,200,,156,64,23,179
4,healthy,vllm_healthy,1782155276.188432,1782155279.9763165,3787.884473800659,1,200,,156,64,23,179
5,healthy,vllm_healthy,1782155279.977158,1782155283.7691374,3791.9793128967285,1,200,,156,64,23,179
6,healthy,vllm_healthy,1782155283.7695568,1782155287.5624008,3792.84405708313,1,200,,156,64,23,179
7,healthy,vllm_healthy,1782155287.5631297,1782155291.3573542,3794.224500656128,1,200,,156,64,23,179
