request_id,scenario,workload_phase_label,request_start_ts,request_end_ts,request_latency_ms,success,http_status,error,prompt_tokens_estimate,requested_max_tokens,output_tokens_estimate,total_tokens_estimate
2,long_output,vllm_long_output,1782159720.93551,1782159752.221441,31285.93111038208,1,200,,198,512,397,595
0,long_output,vllm_long_output,1782159720.929609,1782159752.2230625,31293.453454971313,1,200,,198,512,407,605
3,long_output,vllm_long_output,1782159720.9373689,1782159752.223522,31286.153078079224,1,200,,198,512,407,605
1,long_output,vllm_long_output,1782159720.933522,1782159752.2763515,31342.82946586609,1,200,,198,512,432,630
