request_id,scenario,workload_phase_label,request_start_ts,request_end_ts,request_latency_ms,success,http_status,error,prompt_tokens_estimate,requested_max_tokens,output_tokens_estimate,total_tokens_estimate
0,healthy,vllm_healthy,1782154773.4169853,1782154777.2614412,3844.4559574127197,1,200,,156,64,23,179
1,healthy,vllm_healthy,1782154777.2618105,1782154781.0860791,3824.268579483032,1,200,,156,64,23,179
2,healthy,vllm_healthy,1782154781.0865152,1782154784.9221826,3835.667371749878,1,200,,156,64,23,179
3,healthy,vllm_healthy,1782154784.9242835,1782154788.7414749,3817.1913623809814,1,200,,156,64,55,211
4,healthy,vllm_healthy,1782154788.741868,1782154792.5248737,3783.005714416504,1,200,,156,64,52,208
5,healthy,vllm_healthy,1782154792.5252948,1782154796.323283,3797.988176345825,1,200,,156,64,23,179
6,healthy,vllm_healthy,1782154796.3241231,1782154800.1268969,3802.7737140655518,1,200,,156,64,49,205
7,healthy,vllm_healthy,1782154800.1273215,1782154803.9422266,3814.9051666259766,1,200,,156,64,47,203
