request_id,scenario,workload_phase_label,request_start_ts,request_end_ts,request_latency_ms,success,http_status,error,prompt_tokens_estimate,requested_max_tokens,output_tokens_estimate,total_tokens_estimate
2,long_output,vllm_long_output,1782158490.76469,1782158522.048329,31283.639192581177,1,200,,198,512,400,598
3,long_output,vllm_long_output,1782158490.767981,1782158522.1111946,31343.21355819702,1,200,,198,512,389,587
1,long_output,vllm_long_output,1782158490.7617676,1782158522.1115823,31349.814653396606,1,200,,198,512,402,600
0,long_output,vllm_long_output,1782158490.7563596,1782158522.111962,31355.602502822876,1,200,,198,512,392,590
