request_id,scenario,workload_phase_label,request_start_ts,request_end_ts,request_latency_ms,success,http_status,error,prompt_tokens_estimate,requested_max_tokens,output_tokens_estimate,total_tokens_estimate
3,long_output,vllm_long_output,1782159618.336483,1782159649.6808195,31344.33650970459,1,200,,198,512,403,601
0,long_output,vllm_long_output,1782159618.3242,1782159649.681239,31357.038974761963,1,200,,198,512,392,590
2,long_output,vllm_long_output,1782159618.3323264,1782159649.7400289,31407.702445983887,1,200,,198,512,407,605
1,long_output,vllm_long_output,1782159618.328788,1782159649.740435,31411.646842956543,1,200,,198,512,411,609
